,link
0,https://www.ufc.com/athlete/nariman-abbassov
1,https://www.ufc.com/athlete/hamdy-abdelwahab
2,https://www.ufc.com/athlete/israel-adesanya
3,https://www.ufc.com/athlete/mariya-agapova
4,https://www.ufc.com/athlete/fabio-agu
5,https://www.ufc.com/athlete/jesus-aguilar
6,https://www.ufc.com/athlete/nick-aguirre
7,https://www.ufc.com/athlete/abdul-kareem-al-selwady
8,https://www.ufc.com/athlete/herdem-alacabek
9,https://www.ufc.com/athlete/heili-alateng
10,https://www.ufc.com/athlete/amir-albazi
11,https://www.ufc.com/athlete/irene-aldana
12,https://www.ufc.com/athlete/dzhonatan-martinez-0
13,https://www.ufc.com/athlete/jj-aldrich
14,https://www.ufc.com/athlete/irina-alekseeva
15,https://www.ufc.com/athlete/talita-alencar
16,https://www.ufc.com/athlete/lucas-alexander
17,https://www.ufc.com/athlete/marcio-alexandre
18,https://www.ufc.com/athlete/bill-algeo
19,https://www.ufc.com/athlete/abdul-razak-alhassan
20,https://www.ufc.com/athlete/nurullo-aliev
21,https://www.ufc.com/athlete/ikram-aliskerov
22,https://www.ufc.com/athlete/leon-aliu
23,https://www.ufc.com/athlete/brendan-allen
24,https://www.ufc.com/athlete/arnold-allen
25,https://www.ufc.com/athlete/assu-almabayev
26,https://www.ufc.com/athlete/bekzat-almakhan
27,https://www.ufc.com/athlete/estefani-almeida
28,https://www.ufc.com/athlete/cesar-almeida
29,https://www.ufc.com/athlete/kori-makkenna-11
30,https://www.ufc.com/athlete/kori-makkenna-10
31,https://www.ufc.com/athlete/kori-makkenna-4
32,https://www.ufc.com/athlete/patricia-alujas
33,https://www.ufc.com/athlete/jaime-alvarez
34,https://www.ufc.com/athlete/joel-alvarez
35,https://www.ufc.com/athlete/warlley-alves
36,https://www.ufc.com/athlete/rayanne-amanda
37,https://www.ufc.com/athlete/hyder-amil
38,https://www.ufc.com/athlete/jaqueline-amorim
39,https://www.ufc.com/athlete/eryk-anders
40,https://www.ufc.com/athlete/jessica-andrade
41,https://www.ufc.com/athlete/juan-andres-luna
42,https://www.ufc.com/athlete/julius-anglickas
43,https://www.ufc.com/athlete/meyson-dzhons-0
44,https://www.ufc.com/athlete/magomed-ankalaev
45,https://www.ufc.com/athlete/aoriqileng
46,https://www.ufc.com/athlete/josh-appelt
47,https://www.ufc.com/athlete/viviane-araujo
48,https://www.ufc.com/athlete/julio-arce
49,https://www.ufc.com/athlete/daniel-argueta
50,https://www.ufc.com/athlete/rheza-arianto
51,https://www.ufc.com/athlete/andrei-arlovski
52,https://www.ufc.com/athlete/garrett-armfield
53,https://www.ufc.com/athlete/eli-aronov
54,https://www.ufc.com/athlete/yanal-ashmouz
55,https://www.ufc.com/athlete/khusein-askhabov
56,https://www.ufc.com/athlete/ibo-aslan
57,https://www.ufc.com/athlete/tom-aspinall
58,https://www.ufc.com/athlete/jose-augusto
59,https://www.ufc.com/athlete/julia-avila
60,https://www.ufc.com/athlete/ottman-azaitar
61,https://www.ufc.com/athlete/abu-azaitar
62,https://www.ufc.com/athlete/abdul-azeem-badakhshi
63,https://www.ufc.com/athlete/miguel-baeza
64,https://www.ufc.com/athlete/melsik-baghdasaryan
65,https://www.ufc.com/athlete/ignacio-bahamondes
66,https://www.ufc.com/athlete/shauna-bannon
67,https://www.ufc.com/athlete/maycee-barber
68,https://www.ufc.com/athlete/bryan-barberena
69,https://www.ufc.com/athlete/edson-barboza
70,https://www.ufc.com/athlete/raoni-barcelos
71,https://www.ufc.com/athlete/lyudovit-klayn-1
72,https://www.ufc.com/athlete/danny-barlow
73,https://www.ufc.com/athlete/james-barnes
74,https://www.ufc.com/athlete/lyudovit-klayn-5
75,https://www.ufc.com/athlete/chris-barnett
76,https://www.ufc.com/athlete/marc-andre-barriault
77,https://www.ufc.com/athlete/trevin-dzhayls-4
78,https://www.ufc.com/athlete/farid-basharat
79,https://www.ufc.com/athlete/bahatebole-batebolati
80,https://www.ufc.com/athlete/cameron-bates
81,https://www.ufc.com/athlete/shavkat-rakhmonov-0
82,https://www.ufc.com/athlete/mario-bautista
83,https://www.ufc.com/athlete/donavan-beard
84,https://www.ufc.com/athlete/rolando-bedoya
85,https://www.ufc.com/athlete/allan-begosso
86,https://www.ufc.com/athlete/diana-belbita
87,https://www.ufc.com/athlete/yousri-belgaroui
88,https://www.ufc.com/athlete/cody-belisle
89,https://www.ufc.com/athlete/rodolfo-bellato
90,https://www.ufc.com/athlete/gabriel-benitez
91,https://www.ufc.com/athlete/khadzhimurat-bestaev
92,https://www.ufc.com/athlete/blake-bilder
93,https://www.ufc.com/athlete/shon-bredi-0
94,https://www.ufc.com/athlete/simon-biyong
95,https://www.ufc.com/athlete/jan-blachowicz
96,https://www.ufc.com/athlete/sherrard-blackledge
97,https://www.ufc.com/athlete/damon-blackshear
98,https://www.ufc.com/athlete/erin-blanchfield
99,https://www.ufc.com/athlete/curtis-blaydes
100,https://www.ufc.com/athlete/tereza-bleda
101,https://www.ufc.com/athlete/dashawn-boatwright
102,https://www.ufc.com/athlete/viktoriya-leonardo-0
103,https://www.ufc.com/athlete/gaston-bolanos
104,https://www.ufc.com/athlete/denys-bondar
105,https://www.ufc.com/athlete/ismael-bonfim
106,https://www.ufc.com/athlete/gabriel-bonfim
107,https://www.ufc.com/athlete/michael-bonnette
108,https://www.ufc.com/athlete/branden-bordeaux
109,https://www.ufc.com/athlete/kevin-borjas
110,https://www.ufc.com/athlete/mario-souza-3
111,https://www.ufc.com/athlete/zach-borrego
112,https://www.ufc.com/athlete/viacheslav-borshchev
113,https://www.ufc.com/athlete/tanner-boser
114,https://www.ufc.com/athlete/anvar-boynazarov
115,https://www.ufc.com/athlete/sean-brady
116,https://www.ufc.com/athlete/ramiz-brahimaj
117,https://www.ufc.com/athlete/bruna-brasil
118,https://www.ufc.com/athlete/aleks-oliveyra-0
119,https://www.ufc.com/athlete/elves-brener
120,https://www.ufc.com/athlete/marcos-brigagao
121,https://www.ufc.com/athlete/kaik-brito
122,https://www.ufc.com/athlete/kori-makkenna-3
123,https://www.ufc.com/athlete/matt-brown
124,https://www.ufc.com/athlete/tj-brown
125,https://www.ufc.com/athlete/randy-brown
126,https://www.ufc.com/athlete/travis-browne
127,https://www.ufc.com/athlete/stephanie-bruna
128,https://www.ufc.com/athlete/dzhonatan-pirs-1
129,https://www.ufc.com/athlete/robert-bryczek
130,https://www.ufc.com/athlete/kori-makkenna-5
131,https://www.ufc.com/athlete/joaquin-buckley
132,https://www.ufc.com/athlete/mariya-agapova-2
133,https://www.ufc.com/athlete/modestas-bukauskas
134,https://www.ufc.com/athlete/felipe-bunes
135,https://www.ufc.com/athlete/dzhastin-byorlinson
136,https://www.ufc.com/athlete/nate-burnard
137,https://www.ufc.com/athlete/herbert-burns
138,https://www.ufc.com/athlete/gilbert-burns
139,https://www.ufc.com/athlete/jesse-butler
140,https://www.ufc.com/athlete/jp-buys
141,https://www.ufc.com/athlete/dennis-buzukja
142,https://www.ufc.com/athlete/alex-caceres
143,https://www.ufc.com/athlete/priscila-cachoeira
144,https://www.ufc.com/athlete/ricky-calatayud
145,https://www.ufc.com/athlete/cynthia-calvillo
146,https://www.ufc.com/athlete/charlie-campbell
147,https://www.ufc.com/athlete/aleksa-camur
148,https://www.ufc.com/athlete/carlos-candelario
149,https://www.ufc.com/athlete/jared-cannonier
150,https://www.ufc.com/athlete/ariane-carnelossi
151,https://www.ufc.com/athlete/ruana-karorina
152,https://www.ufc.com/athlete/clayton-carpenter
153,https://www.ufc.com/athlete/jack-cartwright
154,https://www.ufc.com/athlete/cortney-casey
155,https://www.ufc.com/athlete/john-castaneda
156,https://www.ufc.com/athlete/jacqueline-cavalcanti
157,https://www.ufc.com/athlete/henri-sefuto
158,https://www.ufc.com/athlete/vinicius-cenci
159,https://www.ufc.com/athlete/katlyn-chookagian
160,https://www.ufc.com/athlete/edgar-chairez
161,https://www.ufc.com/athlete/chelsea-chandler
162,https://www.ufc.com/athlete/michael-chandler
163,https://www.ufc.com/athlete/morgan-charriere
164,https://www.ufc.com/athlete/macy-chiasson
165,https://www.ufc.com/athlete/michael-chiesa
166,https://www.ufc.com/athlete/giga-chikadze
167,https://www.ufc.com/athlete/khamzat-chimaev
168,https://www.ufc.com/athlete/seung-woo-choi
169,https://www.ufc.com/athlete/dooho-choi
170,https://www.ufc.com/athlete/seungguk-choi
171,https://www.ufc.com/athlete/devin-clark
172,https://www.ufc.com/athlete/mark-climaco
173,https://www.ufc.com/athlete/coltin-cole-0
174,https://www.ufc.com/athlete/chandler-cole
175,https://www.ufc.com/athlete/jake-collier
176,https://www.ufc.com/athlete/marcos-conrado-junior
177,https://www.ufc.com/athlete/michael-cora
178,https://www.ufc.com/athlete/cory-corbin
179,https://www.ufc.com/athlete/nora-cornolle
180,https://www.ufc.com/athlete/jonathan-correa
181,https://www.ufc.com/athlete/waldo-cortes-acosta
182,https://www.ufc.com/athlete/mariya-agapova-4
183,https://www.ufc.com/athlete/tracy-cortez
184,https://www.ufc.com/athlete/davi-costa
185,https://www.ufc.com/athlete/alessandro-costa
186,https://www.ufc.com/athlete/melquizael-costa
187,https://www.ufc.com/athlete/paulo-costa
188,https://www.ufc.com/athlete/oscar-cota
189,https://www.ufc.com/athlete/colby-covington
190,https://www.ufc.com/athlete/hailey-cowan
191,https://www.ufc.com/athlete/paul-craig
192,https://www.ufc.com/athlete/kiefer-crosbie
193,https://www.ufc.com/athlete/jim-crute
194,https://www.ufc.com/athlete/dominick-cruz
195,https://www.ufc.com/athlete/timothy-cuamba
196,https://www.ufc.com/athlete/emilio-cuellar
197,https://www.ufc.com/athlete/josh-culibao
198,https://www.ufc.com/athlete/chris-curtis
199,https://www.ufc.com/athlete/ion-cutelaba
200,https://www.ufc.com/athlete/henrique-da-silva
201,https://www.ufc.com/athlete/diego-henrique-da-silva
202,https://www.ufc.com/athlete/igor-da-silva
203,https://www.ufc.com/athlete/henrique-da-silva-lopes
204,https://www.ufc.com/athlete/nicolas-dalby
205,https://www.ufc.com/athlete/kori-makkenna-1
206,https://www.ufc.com/athlete/peter-danesoe
207,https://www.ufc.com/athlete/jarjis-danho
208,https://www.ufc.com/athlete/beneil-dariush
209,https://www.ufc.com/athlete/chris-daukaus
210,https://www.ufc.com/athlete/mike-davis
211,https://www.ufc.com/athlete/hakeem-dawodu
212,https://www.ufc.com/athlete/grant-dawson
213,https://www.ufc.com/athlete/rafael-de-freitas
214,https://www.ufc.com/athlete/montana-de-la-rosa
215,https://www.ufc.com/athlete/marukosuhoshierio-terima
216,https://www.ufc.com/athlete/leonardo-de-oliveira
217,https://www.ufc.com/athlete/germaine-de-randamie
218,https://www.ufc.com/athlete/carl-deaton
219,https://www.ufc.com/athlete/sara-elpar-0
220,https://www.ufc.com/athlete/vanessa-demopulos
221,https://www.ufc.com/athlete/mackenzie-dern
222,https://www.ufc.com/athlete/marc-diakiese
223,https://www.ufc.com/athlete/blud-daymond
224,https://www.ufc.com/athlete/victor-dias
225,https://www.ufc.com/athlete/nick-diaz
226,https://www.ufc.com/athlete/ozzy-diaz
227,https://www.ufc.com/athlete/jhonata-diniz
228,https://www.ufc.com/athlete/rico-disciullo
229,https://www.ufc.com/athlete/matt-dixon
230,https://www.ufc.com/athlete/melissa-dixon
231,https://www.ufc.com/athlete/drew-dober
232,https://www.ufc.com/athlete/manon-firot-2
233,https://www.ufc.com/athlete/roman-dolidze
234,https://www.ufc.com/athlete/montserrat-rendon
235,https://www.ufc.com/athlete/rafael-dos-anjos
236,https://www.ufc.com/athlete/maiara-amajanas-dos-santos
237,https://www.ufc.com/athlete/elizeu-dos-santos
238,https://www.ufc.com/athlete/felipe-dos-santos
239,https://www.ufc.com/athlete/kyle-driscoll
240,https://www.ufc.com/athlete/dricus-du-plessis
241,https://www.ufc.com/athlete/emily-ducote
242,https://www.ufc.com/athlete/viktoriia-dudakova
243,https://www.ufc.com/athlete/isaac-dulgarian
244,https://www.ufc.com/athlete/sedriques-dumas
245,https://www.ufc.com/athlete/norma-dumont
246,https://www.ufc.com/athlete/christian-leroy-duncan
247,https://www.ufc.com/athlete/lyudovit-klayn-4
248,https://www.ufc.com/athlete/kori-makkenna-8
249,https://www.ufc.com/athlete/cody-durden
250,https://www.ufc.com/athlete/merab-dvalishvili
251,https://www.ufc.com/athlete/david-dvorak
252,https://www.ufc.com/athlete/roy-echeverria
253,https://www.ufc.com/athlete/joselyne-edwards
254,https://www.ufc.com/athlete/leon-edwards
255,https://www.ufc.com/athlete/stephanie-egger
256,https://www.ufc.com/athlete/evan-elder
257,https://www.ufc.com/athlete/joao-elias
258,https://www.ufc.com/athlete/darren-elkins
259,https://www.ufc.com/athlete/tim-elliott
260,https://www.ufc.com/athlete/oban-elliott
261,https://www.ufc.com/athlete/brian-ellis
262,https://www.ufc.com/athlete/sovannahry-em
263,https://www.ufc.com/athlete/freddy-emiliano-linares
264,https://www.ufc.com/athlete/jamall-emmers
265,https://www.ufc.com/athlete/josh-emmett
266,https://www.ufc.com/athlete/trevin-dzhayls-7
267,https://www.ufc.com/athlete/steve-erceg
268,https://www.ufc.com/athlete/julian-erosa
269,https://www.ufc.com/athlete/jarno-errens
270,https://www.ufc.com/athlete/carla-esparza
271,https://www.ufc.com/athlete/rafael-estevam
272,https://www.ufc.com/athlete/movsar-evloev
273,https://www.ufc.com/athlete/urijah-faber
274,https://www.ufc.com/athlete/zarah-fairn
275,https://www.ufc.com/athlete/lyudovit-klayn-0
276,https://www.ufc.com/athlete/jair-farias
277,https://www.ufc.com/athlete/rico-farrington
278,https://www.ufc.com/athlete/toni-fuakason
279,https://www.ufc.com/athlete/gabriella-fernandes
280,https://www.ufc.com/athlete/kaue-fernandes
281,https://www.ufc.com/athlete/lucas-fernando
282,https://www.ufc.com/athlete/diego-ferreira
283,https://www.ufc.com/athlete/filipe-lins-2
284,https://www.ufc.com/athlete/brunno-ferreira
285,https://www.ufc.com/athlete/andre-fialho
286,https://www.ufc.com/athlete/michal-figlak
287,https://www.ufc.com/athlete/deiveson-figueiredo
288,https://www.ufc.com/athlete/jafel-filho
289,https://www.ufc.com/athlete/andre-fili
290,https://www.ufc.com/athlete/manon-fiorot
291,https://www.ufc.com/athlete/rafael-fiziev
292,https://www.ufc.com/athlete/kori-makkenna-2
293,https://www.ufc.com/athlete/jimmy-flick
294,https://www.ufc.com/athlete/ty-flores
295,https://www.ufc.com/athlete/darrius-flowers
296,https://www.ufc.com/athlete/rob-font
297,https://www.ufc.com/athlete/brianna-van-buren
298,https://www.ufc.com/athlete/kai-kara-france
299,https://www.ufc.com/athlete/stephanie-frausto
300,https://www.ufc.com/athlete/josh-fremd
301,https://www.ufc.com/athlete/matt-frevola
302,https://www.ufc.com/athlete/adam-fugitt
303,https://www.ufc.com/athlete/magomed-gadzhiyasulov
304,https://www.ufc.com/athlete/justin-gaethje
305,https://www.ufc.com/athlete/muin-gafurov
306,https://www.ufc.com/athlete/mateusz-gamrot
307,https://www.ufc.com/athlete/ciryl-gane
308,https://www.ufc.com/athlete/junye-gao
309,https://www.ufc.com/athlete/cody-garbrandt
310,https://www.ufc.com/athlete/harrison-garcia
311,https://www.ufc.com/athlete/rafa-garcia
312,https://www.ufc.com/athlete/steve-garcia
313,https://www.ufc.com/athlete/liana-dzhodzhua-2
314,https://www.ufc.com/athlete/kelvin-gastelum
315,https://www.ufc.com/athlete/melissa-gatto
316,https://www.ufc.com/athlete/shamil-gaziev
317,https://www.ufc.com/athlete/yanis-ghemmouri
318,https://www.ufc.com/athlete/christos-giagos
319,https://www.ufc.com/athlete/cody-gibson
320,https://www.ufc.com/athlete/trevin-giles
321,https://www.ufc.com/athlete/gregor-gillespie
322,https://www.ufc.com/athlete/aleks-munoz-0
323,https://www.ufc.com/athlete/eperaim-ginting
324,https://www.ufc.com/athlete/ricky-glenn
325,https://www.ufc.com/athlete/loopy-godinez
326,https://www.ufc.com/athlete/billy-goff
327,https://www.ufc.com/athlete/amiran-gogoladze
328,https://www.ufc.com/athlete/hannah-goldy
329,https://www.ufc.com/athlete/denise-gomes
330,https://www.ufc.com/athlete/luis-gomez
331,https://www.ufc.com/athlete/william-gomis
332,https://www.ufc.com/athlete/justin-gonzales
333,https://www.ufc.com/athlete/lyman-good
334,https://www.ufc.com/athlete/jared-gooden
335,https://www.ufc.com/athlete/jared-gordon
336,https://www.ufc.com/athlete/tresean-gore
337,https://www.ufc.com/athlete/themba-gorimbo
338,https://www.ufc.com/athlete/kron-gracie
339,https://www.ufc.com/athlete/bogdan-grad
340,https://www.ufc.com/athlete/davey-grant
341,https://www.ufc.com/athlete/alexa-grasso
342,https://www.ufc.com/athlete/james-gray
343,https://www.ufc.com/athlete/gabriel-green
344,https://www.ufc.com/athlete/hohi-kurin
345,https://www.ufc.com/athlete/logan-greenhalgh
346,https://www.ufc.com/athlete/max-griffin
347,https://www.ufc.com/athlete/charalampos-grigoriou
348,https://www.ufc.com/athlete/garrett-grimes
349,https://www.ufc.com/athlete/garrett-gross
350,https://www.ufc.com/athlete/kurisu-kuretsutsuemaka
351,https://www.ufc.com/athlete/rainn-guerrero
352,https://www.ufc.com/athlete/clay-guida
353,https://www.ufc.com/athlete/bogdan-guskov
354,https://www.ufc.com/athlete/alexander-gustafsson
355,https://www.ufc.com/athlete/mando-gutierrez
356,https://www.ufc.com/athlete/chris-gutierrez
357,https://www.ufc.com/athlete/chelsea-hackett
358,https://www.ufc.com/athlete/aleks-oliveyra-1
359,https://www.ufc.com/athlete/tamia-hasohitsuku
360,https://www.ufc.com/athlete/bassil-hafez
361,https://www.ufc.com/athlete/yazan-hajeh
362,https://www.ufc.com/athlete/ryan-hall
363,https://www.ufc.com/athlete/rami-hamed
364,https://www.ufc.com/athlete/chad-hanekom
365,https://www.ufc.com/athlete/nasrat-haqparast
366,https://www.ufc.com/athlete/shin-haraguchi
367,https://www.ufc.com/athlete/george-hardwick
368,https://www.ufc.com/athlete/josiah-harrell
369,https://www.ufc.com/athlete/walt-harris
370,https://www.ufc.com/athlete/carlston-harris
371,https://www.ufc.com/athlete/kayla-harrison
372,https://www.ufc.com/athlete/phillip-hawes
373,https://www.ufc.com/athlete/ian-heinisch
374,https://www.ufc.com/athlete/danny-henry
375,https://www.ufc.com/athlete/victor-henry
376,https://www.ufc.com/athlete/jai-herbert
377,https://www.ufc.com/athlete/jack-hermansson
378,https://www.ufc.com/athlete/alexander-hernandez
379,https://www.ufc.com/athlete/lyudovit-klayn-2
380,https://www.ufc.com/athlete/ansoni-herunantesu
381,https://www.ufc.com/athlete/brady-hiestand
382,https://www.ufc.com/athlete/angela-hill
383,https://www.ufc.com/athlete/jamahal-hill
384,https://www.ufc.com/athlete/chris-hofmann
385,https://www.ufc.com/athlete/frank-holland
386,https://www.ufc.com/athlete/kevin-holland
387,https://www.ufc.com/athlete/max-holloway
388,https://www.ufc.com/athlete/holly-holm
389,https://www.ufc.com/athlete/kurt-holobaugh
390,https://www.ufc.com/athlete/seongchan-hong
391,https://www.ufc.com/athlete/kerol-rosa-0
392,https://www.ufc.com/athlete/dan-hooker
393,https://www.ufc.com/athlete/chase-hooper
394,https://www.ufc.com/athlete/jamey-lyn-horth
395,https://www.ufc.com/athlete/austin-hubbard
396,https://www.ufc.com/athlete/sam-hughes
397,https://www.ufc.com/athlete/victor-hugo
398,https://www.ufc.com/athlete/al-iaquinta
399,https://www.ufc.com/athlete/dan-ige
400,https://www.ufc.com/athlete/nassourdine-imavov
401,https://www.ufc.com/athlete/mizuki-inoue
402,https://www.ufc.com/athlete/issa-isakov
403,https://www.ufc.com/athlete/damon-jackson
404,https://www.ufc.com/athlete/jordan-jackson
405,https://www.ufc.com/athlete/brian-jackson
406,https://www.ufc.com/athlete/montel-jackson
407,https://www.ufc.com/athlete/richard-jacobi
408,https://www.ufc.com/athlete/dustin-jacoby
409,https://www.ufc.com/athlete/virna-jandiroba
410,https://www.ufc.com/athlete/kori-makkenna-6
411,https://www.ufc.com/athlete/yazmin-jauregui
412,https://www.ufc.com/athlete/jack-jenkins
413,https://www.ufc.com/athlete/niushiyue-ji
414,https://www.ufc.com/athlete/wuziazibieke-jiahefu
415,https://www.ufc.com/athlete/baergeng-jieleyisi
416,https://www.ufc.com/athlete/asikeerbai-jinensibieke
417,https://www.ufc.com/athlete/li-jingliang
418,https://www.ufc.com/athlete/miles-johns
419,https://www.ufc.com/athlete/jose-johnson
420,https://www.ufc.com/athlete/charles-johnson
421,https://www.ufc.com/athlete/michael-johnson
422,https://www.ufc.com/athlete/jamelle-jones
423,https://www.ufc.com/athlete/dzhastin-dzhaynes-0
424,https://www.ufc.com/athlete/jon-jones
425,https://www.ufc.com/athlete/charles-jourdain
426,https://www.ufc.com/athlete/kevin-jousset
427,https://www.ufc.com/athlete/dustin-joynson
428,https://www.ufc.com/athlete/anshul-jubli
429,https://www.ufc.com/athlete/da-un-jung
430,https://www.ufc.com/athlete/chan-sung-jung
431,https://www.ufc.com/athlete/trevin-dzhayls-1
432,https://www.ufc.com/athlete/lu-kai
433,https://www.ufc.com/athlete/sim-kai-xiong
434,https://www.ufc.com/athlete/li-kaiwen
435,https://www.ufc.com/athlete/shuya-kamikubo
436,https://www.ufc.com/athlete/koya-kanda
437,https://www.ufc.com/athlete/kyung-ho-kang
438,https://www.ufc.com/athlete/manel-kape
439,https://www.ufc.com/athlete/brad-katona
440,https://www.ufc.com/athlete/calvin-kattar
441,https://www.ufc.com/athlete/toshiomi-kazama
442,https://www.ufc.com/athlete/brian-kelleher
443,https://www.ufc.com/athlete/song-kenan
444,https://www.ufc.com/athlete/casey-kenney
445,https://www.ufc.com/athlete/khorkhe-gonzalez-0
446,https://www.ufc.com/athlete/wonbin-ki
447,https://www.ufc.com/athlete/pannie-kianzad
448,https://www.ufc.com/athlete/sangwook-kim
449,https://www.ufc.com/athlete/sang-won-kim
450,https://www.ufc.com/athlete/hanseul-kim
451,https://www.ufc.com/athlete/yusaku-kinoshita
452,https://www.ufc.com/athlete/kamuela-kirk
453,https://www.ufc.com/athlete/top-kiwram
454,https://www.ufc.com/athlete/ludovit-klein
455,https://www.ufc.com/athlete/felix-klinkhammer
456,https://www.ufc.com/athlete/drakkar-klose
457,https://www.ufc.com/athlete/josefine-knutsson
458,https://www.ufc.com/athlete/roman-kofuirofu
459,https://www.ufc.com/athlete/steven-koslow
460,https://www.ufc.com/athlete/karolina-kowalkiewicz
461,https://www.ufc.com/athlete/james-krause
462,https://www.ufc.com/athlete/kaynan-kruschewsky
463,https://www.ufc.com/athlete/nikita-krylov
464,https://www.ufc.com/athlete/mariusz-ksiazkiewicz
465,https://www.ufc.com/athlete/sumit-kumar
466,https://www.ufc.com/athlete/mario-souza-1
467,https://www.ufc.com/athlete/korey-kuppe
468,https://www.ufc.com/athlete/guram-kutateladze
469,https://www.ufc.com/athlete/luan-lacerda
470,https://www.ufc.com/athlete/daniel-da-silva
471,https://www.ufc.com/athlete/corinne-laframboise
472,https://www.ufc.com/athlete/sean-lally
473,https://www.ufc.com/athlete/nate-landwehr
474,https://www.ufc.com/athlete/austen-lane
475,https://www.ufc.com/athlete/taylor-lapilus
476,https://www.ufc.com/athlete/joe-lauzon
477,https://www.ufc.com/athlete/sandra-lavado
478,https://www.ufc.com/athlete/ronnie-lawrence
479,https://www.ufc.com/athlete/jordan-leavitt
480,https://www.ufc.com/athlete/kevin-lee
481,https://www.ufc.com/athlete/jung-hyun-lee
482,https://www.ufc.com/athlete/chang-ho-lee
483,https://www.ufc.com/athlete/jeongyeong-lee
484,https://www.ufc.com/athlete/andrea-lee
485,https://www.ufc.com/athlete/claudia-leite
486,https://www.ufc.com/athlete/amanda-lemos
487,https://www.ufc.com/athlete/victoria-leonardo
488,https://www.ufc.com/athlete/natan-levy
489,https://www.ufc.com/athlete/malik-lewis
490,https://www.ufc.com/athlete/derrick-lewis
491,https://www.ufc.com/athlete/rodrigo-lidio
492,https://www.ufc.com/athlete/austin-lingo
493,https://www.ufc.com/athlete/philipe-lins
494,https://www.ufc.com/athlete/ariane-lipski
495,https://www.ufc.com/athlete/tainara-lisboa
496,https://www.ufc.com/athlete/james-llontop
497,https://www.ufc.com/athlete/christian-lohsen
498,https://www.ufc.com/athlete/shiyao-ron
499,https://www.ufc.com/athlete/loma-lookboonmee
500,https://www.ufc.com/athlete/loren-myuller-0
501,https://www.ufc.com/athlete/bruno-lopes
502,https://www.ufc.com/athlete/diego-lopes
503,https://www.ufc.com/athlete/aaron-lott
504,https://www.ufc.com/athlete/caolan-loughran
505,https://www.ufc.com/athlete/joseph-lowry
506,https://www.ufc.com/athlete/iasmin-lucindo
507,https://www.ufc.com/athlete/vicente-luque
508,https://www.ufc.com/athlete/tucker-lutz
509,https://www.ufc.com/athlete/veronica-macedo
510,https://www.ufc.com/athlete/caio-machado
511,https://www.ufc.com/athlete/nassurdin-imavov-4
512,https://www.ufc.com/athlete/pauline-macias
513,https://www.ufc.com/athlete/victor-madrigal
514,https://www.ufc.com/athlete/mark-madsen
515,https://www.ufc.com/athlete/neil-magny
516,https://www.ufc.com/athlete/raimond-magomedaliev
517,https://www.ufc.com/athlete/shara-magomedov
518,https://www.ufc.com/athlete/abner-lloveras-1
519,https://www.ufc.com/athlete/filipe-lins-3
520,https://www.ufc.com/athlete/nayara-maia
521,https://www.ufc.com/athlete/jennifer-maia
522,https://www.ufc.com/athlete/john-makdessi
523,https://www.ufc.com/athlete/islam-makhachev
524,https://www.ufc.com/athlete/azat-maksum
525,https://www.ufc.com/athlete/jacob-malkoun
526,https://www.ufc.com/athlete/kristof-dzhotko
527,https://www.ufc.com/athlete/nate-maness
528,https://www.ufc.com/athlete/marnic-mann
529,https://www.ufc.com/athlete/daniel-marcos
530,https://www.ufc.com/athlete/jesse-mariotti
531,https://www.ufc.com/athlete/chepe-mariscal
532,https://www.ufc.com/athlete/brendon-marotte
533,https://www.ufc.com/athlete/julian-marquez
534,https://www.ufc.com/athlete/dallas-marron
535,https://www.ufc.com/athlete/francis-marshall
536,https://www.ufc.com/athlete/michal-martinek
537,https://www.ufc.com/athlete/dzhonatan-pirs-2
538,https://www.ufc.com/athlete/melissa-martinez
539,https://www.ufc.com/athlete/jonathan-martinez
540,https://www.ufc.com/athlete/kazuma-maruyama
541,https://www.ufc.com/athlete/tiffany-masters
542,https://www.ufc.com/athlete/eduardo-matias-torres
543,https://www.ufc.com/athlete/jake-matthews
544,https://www.ufc.com/athlete/connor-matthews
545,https://www.ufc.com/athlete/miranda-maverick
546,https://www.ufc.com/athlete/dontale-mayes
547,https://www.ufc.com/athlete/molly-mccann
548,https://www.ufc.com/athlete/court-mcgee
549,https://www.ufc.com/athlete/marcus-mcghee
550,https://www.ufc.com/athlete/conor-mcgregor
551,https://www.ufc.com/athlete/sean-mcinerney
552,https://www.ufc.com/athlete/rhys-mckee
553,https://www.ufc.com/athlete/cory-mckenna
554,https://www.ufc.com/athlete/terrance-mckinney
555,https://www.ufc.com/athlete/tim-means
556,https://www.ufc.com/athlete/marquel-mederos
557,https://www.ufc.com/athlete/uros-medic
558,https://www.ufc.com/athlete/gerald-meerschaert
559,https://www.ufc.com/athlete/dominik-melendez
560,https://www.ufc.com/athlete/mateus-mendonca
561,https://www.ufc.com/athlete/alonzo-menifield
562,https://www.ufc.com/athlete/juliana-miller
563,https://www.ufc.com/athlete/mo-miller
564,https://www.ufc.com/athlete/jim-miller
565,https://www.ufc.com/athlete/guram-kutateladze-1
566,https://www.ufc.com/athlete/stipe-miocic
567,https://www.ufc.com/athlete/gabriel-miranda
568,https://www.ufc.com/athlete/toby-misech
569,https://www.ufc.com/athlete/martin-mishtaku
570,https://www.ufc.com/athlete/bryce-mitchell
571,https://www.ufc.com/athlete/terrence-mitchell
572,https://www.ufc.com/athlete/renato-moicano
573,https://www.ufc.com/athlete/thiago-moises
574,https://www.ufc.com/athlete/liana-dzhodzhua-0
575,https://www.ufc.com/athlete/jeffrey-molina
576,https://www.ufc.com/athlete/karlos-olberg-2
577,https://www.ufc.com/athlete/gisele-moreira
578,https://www.ufc.com/athlete/brandon-moreno
579,https://www.ufc.com/athlete/alex-morono
580,https://www.ufc.com/athlete/maryna-moroz
581,https://www.ufc.com/athlete/sergey-morozov
582,https://www.ufc.com/athlete/nikolas-motta
583,https://www.ufc.com/athlete/eduarda-moura
584,https://www.ufc.com/athlete/su-mudaerji
585,https://www.ufc.com/athlete/belal-muhammad
586,https://www.ufc.com/athlete/jamie-mullarkey
587,https://www.ufc.com/athlete/pedro-munhoz
588,https://www.ufc.com/athlete/andre-muniz
589,https://www.ufc.com/athlete/alexander-munoz
590,https://www.ufc.com/athlete/johnny-munoz
591,https://www.ufc.com/athlete/olive-mirad
592,https://www.ufc.com/athlete/makhmud-muradov
593,https://www.ufc.com/athlete/kanako-murata
594,https://www.ufc.com/athlete/lerone-murphy
595,https://www.ufc.com/athlete/lauren-murphy
596,https://www.ufc.com/athlete/dzhessi-myurrey
597,https://www.ufc.com/athlete/azamat-murzakanov
598,https://www.ufc.com/athlete/max-mustaki
599,https://www.ufc.com/athlete/liang-na
600,https://www.ufc.com/athlete/Muhammad-Naimov
601,https://www.ufc.com/athlete/rinya-nakamura
602,https://www.ufc.com/athlete/rose-namajunas
603,https://www.ufc.com/athlete/allan-nascimento
604,https://www.ufc.com/athlete/rodrigo-nascimento-ferreira
605,https://www.ufc.com/athlete/nasrudin-nasrudinov
606,https://www.ufc.com/athlete/geoff-neal
607,https://www.ufc.com/athlete/nicolae-negumereanu
608,https://www.ufc.com/athlete/nair-nelikyan
609,https://www.ufc.com/athlete/gunnar-nelson
610,https://www.ufc.com/athlete/kyle-nelson
611,https://www.ufc.com/athlete/eduardo-neves
612,https://www.ufc.com/athlete/nick-newell
613,https://www.ufc.com/athlete/journey-newson
614,https://www.ufc.com/athlete/dzhelin-tyorner-0
615,https://www.ufc.com/athlete/bo-nickal
616,https://www.ufc.com/athlete/matheus-nicolau
617,https://www.ufc.com/athlete/bruno-korea-0
618,https://www.ufc.com/athlete/kyle-noblitt
619,https://www.ufc.com/athlete/tom-nolan
620,https://www.ufc.com/athlete/shohei-nose
621,https://www.ufc.com/athlete/taiyilake-nueraji
622,https://www.ufc.com/athlete/shayilan-nuerdanbieke
623,https://www.ufc.com/athlete/istela-nunes
624,https://www.ufc.com/athlete/josiane-nunes
625,https://www.ufc.com/athlete/abubakar-nurmagomedov
626,https://www.ufc.com/athlete/umar-nurmagomedov
627,https://www.ufc.com/athlete/said-nurmagomedov
628,https://www.ufc.com/athlete/kennedy-nzechukwu
629,https://www.ufc.com/athlete/sean-omalley
630,https://www.ufc.com/athlete/casey-oneill
631,https://www.ufc.com/athlete/christian-ocon
632,https://www.ufc.com/athlete/volkan-oezdemir
633,https://www.ufc.com/athlete/trey-ogden
634,https://www.ufc.com/athlete/jj-okanovich
635,https://www.ufc.com/athlete/bolaji-oki
636,https://www.ufc.com/athlete/michal-oleksiejczuk
637,https://www.ufc.com/athlete/liana-dzhodzhua-1
638,https://www.ufc.com/athlete/bruno-oliveira
639,https://www.ufc.com/athlete/charles-oliveira
640,https://www.ufc.com/athlete/vinicius-oliveira
641,https://www.ufc.com/athlete/ravena-oliveira
642,https://www.ufc.com/athlete/david-onama
643,https://www.ufc.com/athlete/myktybek-orolbai
644,https://www.ufc.com/athlete/brian-ortega
645,https://www.ufc.com/athlete/ode-osbourne
646,https://www.ufc.com/athlete/sidney-outlaw
647,https://www.ufc.com/athlete/angel-pacheco
648,https://www.ufc.com/athlete/vegnni-fabiano-3
649,https://www.ufc.com/athlete/michael-page
650,https://www.ufc.com/athlete/dinis-paiva
651,https://www.ufc.com/athlete/luis-pajuelo
652,https://www.ufc.com/athlete/rick-palacios
653,https://www.ufc.com/athlete/alexandre-pantoja
654,https://www.ufc.com/athlete/ketrin-paprokki
655,https://www.ufc.com/athlete/josh-parisian
656,https://www.ufc.com/athlete/jae-hyun-park
657,https://www.ufc.com/athlete/jun-yong-park
658,https://www.ufc.com/athlete/hyunsung-park
659,https://www.ufc.com/athlete/mick-parkin
660,https://www.ufc.com/athlete/norma-dyumont-viana-3
661,https://www.ufc.com/athlete/kameron-els-0
662,https://www.ufc.com/athlete/billy-pasulatan
663,https://www.ufc.com/athlete/jhonoven-pati
664,https://www.ufc.com/athlete/wendri-patilima
665,https://www.ufc.com/athlete/sam-patterson
666,https://www.ufc.com/athlete/zac-pauga
667,https://www.ufc.com/athlete/thomas-paull
668,https://www.ufc.com/athlete/sergei-pavlovich
669,https://www.ufc.com/athlete/jonathan-pearce
670,https://www.ufc.com/athlete/tyson-pedro
671,https://www.ufc.com/athlete/trevor-peek
672,https://www.ufc.com/athlete/julianna-pena
673,https://www.ufc.com/athlete/matej-penaz
674,https://www.ufc.com/athlete/feng-pengchao
675,https://www.ufc.com/athlete/jessica-penne
676,https://www.ufc.com/athlete/raquel-pennington
677,https://www.ufc.com/athlete/alex-pereira
678,https://www.ufc.com/athlete/michel-pereira
679,https://www.ufc.com/athlete/alex-perez
680,https://www.ufc.com/athlete/ailin-perez
681,https://www.ufc.com/athlete/thomas-petersen
682,https://www.ufc.com/athlete/vitor-petrino
683,https://www.ufc.com/athlete/viven-araudzho
684,https://www.ufc.com/athlete/karlos-olberg-4
685,https://www.ufc.com/athlete/ivana-petrovic
686,https://www.ufc.com/athlete/peter-petties
687,https://www.ufc.com/athlete/kyler-phillips
688,https://www.ufc.com/athlete/vinc-pichel
689,https://www.ufc.com/athlete/jamie-pickett
690,https://www.ufc.com/athlete/fabiola-pidroni
691,https://www.ufc.com/athlete/paddy-pimblett
692,https://www.ufc.com/athlete/daniel-pineda
693,https://www.ufc.com/athlete/luana-pinheiro
694,https://www.ufc.com/athlete/jamal-pogues
695,https://www.ufc.com/athlete/dustin-poirier
696,https://www.ufc.com/athlete/kori-makkenna-7
697,https://www.ufc.com/athlete/santiago-ponzinibbio
698,https://www.ufc.com/athlete/parker-porter
699,https://www.ufc.com/athlete/ikhor-poteria
700,https://www.ufc.com/athlete/marcin-prachnio
701,https://www.ufc.com/athlete/francisco-prado
702,https://www.ufc.com/athlete/ricardo-prasel
703,https://www.ufc.com/athlete/rana-rudra-pratap-singh
704,https://www.ufc.com/athlete/carlos-prates
705,https://www.ufc.com/athlete/niko-price
706,https://www.ufc.com/athlete/jiri-prochazka
707,https://www.ufc.com/athlete/lucie-pudilova
708,https://www.ufc.com/athlete/claudio-puelles
709,https://www.ufc.com/athlete/joe-pyfer
710,https://www.ufc.com/athlete/billy-quarantillo
711,https://www.ufc.com/athlete/niklas-shtolce-0
712,https://www.ufc.com/athlete/landon-quinones
713,https://www.ufc.com/athlete/trevin-dzhayls-6
714,https://www.ufc.com/athlete/charles-radtke
715,https://www.ufc.com/athlete/loik-radzhabov
716,https://www.ufc.com/athlete/shavkat-rakhmonov
717,https://www.ufc.com/athlete/aleksandar-rakic
718,https://www.ufc.com/athlete/mitch-ramirez
719,https://www.ufc.com/athlete/ricardo-ramos
720,https://www.ufc.com/athlete/mateusz-rebecki
721,https://www.ufc.com/athlete/greg-rebello
722,https://www.ufc.com/athlete/karlos-olberg-3
723,https://www.ufc.com/athlete/zach-reese
724,https://www.ufc.com/athlete/steve-regman
725,https://www.ufc.com/athlete/paulo-renato-jr
726,https://www.ufc.com/athlete/norma-dyumont-viana-4
727,https://www.ufc.com/athlete/kyle-reyes
728,https://www.ufc.com/athlete/dominick-reyes
729,https://www.ufc.com/athlete/alex-reyes
730,https://www.ufc.com/athlete/amanda-ribas
731,https://www.ufc.com/athlete/brendson-ribeiro
732,https://www.ufc.com/athlete/claudio-ribeiro
733,https://www.ufc.com/athlete/esteban-ribovics
734,https://www.ufc.com/athlete/tabatha-ricci
735,https://www.ufc.com/athlete/brad-riddell
736,https://www.ufc.com/athlete/robbie-ring
737,https://www.ufc.com/athlete/danny-roberts
738,https://www.ufc.com/athlete/keifer-roberts
739,https://www.ufc.com/athlete/roosevelt-roberts
740,https://www.ufc.com/athlete/gillian-robertson
741,https://www.ufc.com/athlete/vagner-rocha
742,https://www.ufc.com/athlete/kleidison-rodrigues
743,https://www.ufc.com/athlete/gregory-rodrigues
744,https://www.ufc.com/athlete/daniel-rodriguez
745,https://www.ufc.com/athlete/norma-dyumont-viana-0
746,https://www.ufc.com/athlete/marina-rodriguez
747,https://www.ufc.com/athlete/ches-skelli-0
748,https://www.ufc.com/athlete/luis-rodriguez
749,https://www.ufc.com/athlete/yair-rodriguez
750,https://www.ufc.com/athlete/pete-rodriguez
751,https://www.ufc.com/athlete/alexandr-romanov
752,https://www.ufc.com/athlete/kaleio-romero
753,https://www.ufc.com/athlete/anthony-romero
754,https://www.ufc.com/athlete/juancamilo-ronderos
755,https://www.ufc.com/athlete/karlos-olberg-1
756,https://www.ufc.com/athlete/charles-rosa
757,https://www.ufc.com/athlete/karol-rosa
758,https://www.ufc.com/athlete/raul-rosas-jr
759,https://www.ufc.com/athlete/shannon-ross
760,https://www.ufc.com/athlete/khalil-rountree-jr
761,https://www.ufc.com/athlete/philip-rowe
762,https://www.ufc.com/athlete/cam-rowston
763,https://www.ufc.com/athlete/brandon-royval
764,https://www.ufc.com/athlete/jairzinho-rozenstruik
765,https://www.ufc.com/athlete/mauricio-ruffy
766,https://www.ufc.com/athlete/montserrat-ruiz
767,https://www.ufc.com/athlete/nursultan-ruziboev
768,https://www.ufc.com/athlete/cameron-saaiman
769,https://www.ufc.com/athlete/danny-sabatello
770,https://www.ufc.com/athlete/pat-sabatini
771,https://www.ufc.com/athlete/nazim-sadykhov
772,https://www.ufc.com/athlete/frankie-saenz
773,https://www.ufc.com/athlete/mariya-agapova-0
774,https://www.ufc.com/athlete/ouinsu-sanfuru
775,https://www.ufc.com/athlete/luis-saldana
776,https://www.ufc.com/athlete/muslim-salikhov
777,https://www.ufc.com/athlete/quillan-salkilld
778,https://www.ufc.com/athlete/dylan-salvador
779,https://www.ufc.com/athlete/vegnni-fabiano-2
780,https://www.ufc.com/athlete/cory-sandhagen
781,https://www.ufc.com/athlete/shaheen-santana
782,https://www.ufc.com/athlete/taila-santos
783,https://www.ufc.com/athlete/mario-souza-2
784,https://www.ufc.com/athlete/daniel-santos
785,https://www.ufc.com/athlete/marilia-santos
786,https://www.ufc.com/athlete/gabriel-santos
787,https://www.ufc.com/athlete/luana-santos
788,https://www.ufc.com/athlete/yana-kunitskaya
789,https://www.ufc.com/athlete/jeka-saragih
790,https://www.ufc.com/athlete/keisuke-sasu
791,https://www.ufc.com/athlete/brandon-sayles
792,https://www.ufc.com/athlete/matt-schnell
793,https://www.ufc.com/athlete/matthew-semelsberger
794,https://www.ufc.com/athlete/edmen-shahbazyan
795,https://www.ufc.com/athlete/antonina-shevchenko
796,https://www.ufc.com/athlete/valentina-shevchenko
797,https://www.ufc.com/athlete/henrique-shiguemoto
798,https://www.ufc.com/athlete/jack-shore
799,https://www.ufc.com/athlete/ronal-siahaan
800,https://www.ufc.com/athlete/serhiy-sidey
801,https://www.ufc.com/athlete/bruno-silva
802,https://www.ufc.com/athlete/janaina-silva
803,https://www.ufc.com/athlete/mariya-agapova-3
804,https://www.ufc.com/athlete/erik-silva
805,https://www.ufc.com/athlete/trevin-dzhayls-3
806,https://www.ufc.com/athlete/jacob-silva
807,https://www.ufc.com/athlete/danny-silva
808,https://www.ufc.com/athlete/trevin-dzhayls-0
809,https://www.ufc.com/athlete/bruno-silva-blindado
810,https://www.ufc.com/athlete/jhonata-silva
811,https://www.ufc.com/athlete/joaquim-silva
812,https://www.ufc.com/athlete/jean-silva-0
813,https://www.ufc.com/athlete/mayra-bueno-silva
814,https://www.ufc.com/athlete/natalia-silva
815,https://www.ufc.com/athlete/douglas-silva-de-andrade
816,https://www.ufc.com/athlete/ricky-simon
817,https://www.ufc.com/athlete/mitchell-sipe
818,https://www.ufc.com/athlete/anthony-smith
819,https://www.ufc.com/athlete/cameron-smotherman
820,https://www.ufc.com/athlete/devin-smyth
821,https://www.ufc.com/athlete/alexander-soldatkin
822,https://www.ufc.com/athlete/joe-solecki
823,https://www.ufc.com/athlete/yadong-song
824,https://www.ufc.com/athlete/emrah-sonmez
825,https://www.ufc.com/athlete/punahele-soriano
826,https://www.ufc.com/athlete/mario-sousa
827,https://www.ufc.com/athlete/ketlen-souza
828,https://www.ufc.com/athlete/willian-souza
829,https://www.ufc.com/athlete/ryan-spann
830,https://www.ufc.com/athlete/sergey-spivak-0
831,https://www.ufc.com/athlete/daniel-spohn
832,https://www.ufc.com/athlete/cody-stamann
833,https://www.ufc.com/athlete/ricky-steele
834,https://www.ufc.com/athlete/aljamain-sterling
835,https://www.ufc.com/athlete/lazar-stojadinovic
836,https://www.ufc.com/athlete/julija-stoliarenko
837,https://www.ufc.com/athlete/dustin-stoltzfus
838,https://www.ufc.com/athlete/sean-strickland
839,https://www.ufc.com/athlete/tatiana-suarez
840,https://www.ufc.com/athlete/vineesh-subrahmanyan
841,https://www.ufc.com/athlete/lukasz-sudolski
842,https://www.ufc.com/athlete/danilo-suzart
843,https://www.ufc.com/athlete/daniel-swain
844,https://www.ufc.com/athlete/cub-swanson
845,https://www.ufc.com/athlete/evan-sweesy
846,https://www.ufc.com/athlete/oumar-sy
847,https://www.ufc.com/athlete/kevin-syler
848,https://www.ufc.com/athlete/kevin-szaflarski
849,https://www.ufc.com/athlete/junior-tafa
850,https://www.ufc.com/athlete/shiyasutein-tafua
851,https://www.ufc.com/athlete/tatsuro-taira
852,https://www.ufc.com/athlete/montrel-talbert
853,https://www.ufc.com/athlete/payton-talbott
854,https://www.ufc.com/athlete/murtaza-talha
855,https://www.ufc.com/athlete/miesha-tate
856,https://www.ufc.com/athlete/brad-tavares
857,https://www.ufc.com/athlete/ramon-taveras
858,https://www.ufc.com/athlete/taneisha-tennant
859,https://www.ufc.com/athlete/testy-test
860,https://www.ufc.com/athlete/david-teymur
861,https://www.ufc.com/athlete/timothy-thomas
862,https://www.ufc.com/athlete/stephen-thompson
863,https://www.ufc.com/athlete/denis-tiuliulin
864,https://www.ufc.com/athlete/dusko-todorovic
865,https://www.ufc.com/athlete/ilia-topuria
866,https://www.ufc.com/athlete/tecia-torres
867,https://www.ufc.com/athlete/trevin-dzhayls-5
868,https://www.ufc.com/athlete/arman-tsarukyan
869,https://www.ufc.com/athlete/rei-tsuruya
870,https://www.ufc.com/athlete/gavin-tucker
871,https://www.ufc.com/athlete/tai-tuivasa
872,https://www.ufc.com/athlete/marco-tulio
873,https://www.ufc.com/athlete/nyamjargal-tumendemberel
874,https://www.ufc.com/athlete/ricky-turcios
875,https://www.ufc.com/athlete/meyson-dzhons-2
876,https://www.ufc.com/athlete/wellington-turman
877,https://www.ufc.com/athlete/jalin-turner
878,https://www.ufc.com/athlete/austin-tweedy
879,https://www.ufc.com/athlete/marcin-tybura
880,https://www.ufc.com/athlete/tagir-ulanbekov
881,https://www.ufc.com/athlete/carlos-ulberg
882,https://www.ufc.com/athlete/elias-urbina
883,https://www.ufc.com/athlete/kiruhato-uruhina
884,https://www.ufc.com/athlete/nick-urso
885,https://www.ufc.com/athlete/mohammed-usman
886,https://www.ufc.com/athlete/kamaru-usman
887,https://www.ufc.com/athlete/mark-shtrigl-0
888,https://www.ufc.com/athlete/ivan-valenzuela
889,https://www.ufc.com/athlete/kevin-vallejos
890,https://www.ufc.com/athlete/joshua-van
891,https://www.ufc.com/athlete/lando-vannata
892,https://www.ufc.com/athlete/manny-vazquez
893,https://www.ufc.com/athlete/kelly-velasco
894,https://www.ufc.com/athlete/greg-velasco
895,https://www.ufc.com/athlete/marlon-vera
896,https://www.ufc.com/athlete/isis-verbeek
897,https://www.ufc.com/athlete/cj-vergara
898,https://www.ufc.com/athlete/marvin-vettori
899,https://www.ufc.com/athlete/polyana-viana
900,https://www.ufc.com/athlete/tamires-vidal
901,https://www.ufc.com/athlete/ketlen-vieira
902,https://www.ufc.com/athlete/rodolfo-vieira
903,https://www.ufc.com/athlete/cheyanne-vlismas
904,https://www.ufc.com/athlete/mateo-vogel
905,https://www.ufc.com/athlete/alexander-volkanovski
906,https://www.ufc.com/athlete/alexander-volkov
907,https://www.ufc.com/athlete/chase-waldon
908,https://www.ufc.com/athlete/brogan-walker
909,https://www.ufc.com/athlete/johnny-walker
910,https://www.ufc.com/athlete/austin-wall
911,https://www.ufc.com/athlete/joshua-wang-kim
912,https://www.ufc.com/athlete/trey-waters
913,https://www.ufc.com/athlete/michelle-waterson
914,https://www.ufc.com/athlete/chris-weidman
915,https://www.ufc.com/athlete/dakota-weigher
916,https://www.ufc.com/athlete/jeremiah-wells
917,https://www.ufc.com/athlete/sheldon-westcott
918,https://www.ufc.com/athlete/patrik-uayt
919,https://www.ufc.com/athlete/robert-whittaker
920,https://www.ufc.com/athlete/josh-wick
921,https://www.ufc.com/athlete/khaos-williams
922,https://www.ufc.com/athlete/karl-williams
923,https://www.ufc.com/athlete/westin-wilson
924,https://www.ufc.com/athlete/karolina-wojcik
925,https://www.ufc.com/athlete/danyelle-wolf
926,https://www.ufc.com/athlete/joanne-wood
927,https://www.ufc.com/athlete/nathaniel-wood
928,https://www.ufc.com/athlete/val-woodburn
929,https://www.ufc.com/athlete/sean-woodson
930,https://www.ufc.com/athlete/rani-yahya
931,https://www.ufc.com/athlete/mohammad-yahya
932,https://www.ufc.com/athlete/petr-yan
933,https://www.ufc.com/athlete/xiaonan-yan
934,https://www.ufc.com/athlete/adrian-yanez
935,https://www.ufc.com/athlete/ashley-yoder
936,https://www.ufc.com/athlete/sang-hoon-yoo
937,https://www.ufc.com/athlete/shane-young
938,https://www.ufc.com/athlete/sodiq-yusuff
939,https://www.ufc.com/athlete/aiemann-zahabi
940,https://www.ufc.com/athlete/zach-zane
941,https://www.ufc.com/athlete/manolo-zecchini
942,https://www.ufc.com/athlete/daniel-zellhuber
943,https://www.ufc.com/athlete/rickson-zenidim
944,https://www.ufc.com/athlete/yi-zha
945,https://www.ufc.com/athlete/weili-zhang
946,https://www.ufc.com/athlete/daermisi-zhawupasi
947,https://www.ufc.com/athlete/dariya-zheleznykova
948,https://www.ufc.com/athlete/lu-zhengyong
949,https://www.ufc.com/athlete/fares-ziam
